{
    "name": "Slender Body",
    "description": "You can reach blocks and entities further away.",
    "loading_priority": 4,
    "type": "origins:attribute",
    "modifiers": [
        {
            "id": "*:*",
            "attribute": "minecraft:player.block_interaction_range",
            "amount": 1.5,
            "operation": "add_value"
        },
        {
            "id": "*:*",
            "attribute": "minecraft:player.entity_interaction_range",
            "amount": 1.5,
            "operation": "add_value"
        }
    ]
}