{
    "hidden": true,
    "type": "origins:action_on_callback",
    "execute_chosen_when_orb": true,
    "entity_action_respawned": {
        "type": "origins:and",
        "actions": [
            {
                "type": "origins:revoke_power",
                "power": "fix:bla/attribs",
                "source": "fix:blazeborn"
            },
            {
                "type": "origins:grant_power",
                "power": "fix:bla/attribs",
                "source": "fix:blazeborn"
            }
        ]
    }
}