{
    "name": "Blazeborn",
    "description": "Late descendants of the Blaze, the Blazeborn are naturally immune to the perils of the Nether.",
    "powers": [
        "origins:fire_immunity",
        "origins:nether_spawn",
        "origins:hotblooded",
        "origins:water_vulnerability",
        "origins:flame_particles",
        "origins:damage_from_snowballs",
        "origins:damage_from_potions",
        "fix:bla/attribs",
        "fix:bla/fix"
    ],
	"icon": {
		"id": "minecraft:blaze_powder"
	},
    "order": 1,
    "impact": 3,
    "loading_priority": 2
}
