{
    "name": "Enderian",
    "description": "Born as children of the Ender Dragon, Enderians are capable of teleporting but are vulnerable to water.",
    "powers": [
        "origins:throw_ender_pearl",
        "origins:water_vulnerability",
        "origins:pumpkin_hate",
        "origins:ender_particles",
        "origins:damage_from_potions",
        "fix:end/attribs",
        "fix:end/fix"
    ],
	"icon": {
		"id": "minecraft:ender_pearl"
	},
    "order": 1,
    "impact": 2,
    "loading_priority": 2
}
