{
    "name": "Feline",
    "description": "With their cat-like appearance, the Feline scare creepers away.\nWith the dexterity of cats, they always land safely on their feet.",
    "powers": [
        "origins:fall_immunity",
        "origins:velvet_paws",
        "origins:scare_creepers",
        "origins:cat_vision",
        "fix:fel/attribs",
        "fix:fel/fix",
        "fix:fel/dummy"
    ],
	"icon": {
		"id": "minecraft:orange_wool"
	},
    "order": 0,
    "impact": 2,
    "loading_priority": 2
}
