{
    "name": "Merling",
    "description": "These natural inhabitants of the ocean are not used to being out of the water for too long.",
    "powers": [
        "origins:water_breathing",
        "origins:water_vision",
        "origins:like_water",
        "origins:aquatic",
        "origins:conduit_power_on_land",
        "origins:air_from_potions",
        "fix:mer/fix",
        "fix:mer/attribs"
    ],
	"icon": {
		"id": "minecraft:cod"
	},
    "order": 0,
    "impact": 3,
    "loading_priority": 2
}
