{
    "name": "Phantom",
    "description": "As half-human and half-phantom beings, these creatures can switch between a Phantom and a normal form.",
    "powers": [
        "origins:phantomize",
        "origins:translucent",
        "origins:phasing",
        "origins:invisibility",
        "origins:burn_in_daylight",
        "origins:hunger_over_time",
        "origins:phantomize_overlay",
        "fix:pha/attribs",
        "fix:pha/fix"
    ],
	"icon": {
		"id": "minecraft:phantom_membrane"
	},
    "order": 2,
    "impact": 3,
    "loading_priority": 2
}
