{
    "name": "Sturdy Skin",
    "description": "Even without wearing armor, your skin provides natural protection.",
    "loading_priority": 2,
    "type": "origins:multiple",
    "armor": {
        "type": "origins:attribute",
        "modifier": {
            "id": "*:*",
            "attribute": "minecraft:generic.armor",
            "amount": 8,
            "operation": "add_value"
        }
    },
    "stone": {
        "condition": {
            "inverted": true,
            "type": "origins:using_effective_tool"
        },
        "type": "origins:modify_break_speed",
        "block_condition": {
            "type": "origins:in_tag",
            "tag": "origins:natural_stone"
        },
        "modifier": {
            "amount": 0.06,
            "operation": "add_base_early"
        },
        "hidden": true
    },
    "hunger": {
        "type": "origins:modify_exhaustion",
        "modifier": {
            "amount": 0.6,
            "operation": "multiply_base_multiplicative"
        }
    }
}