{
    "name": "Large Appetite",
    "description": "You exhaust much quicker than others, thus requiring you to eat more.",
    "loading_priority": 5,
    "type": "origins:action_on_callback",
    "execute_chosen_when_orb": true,
    "entity_action_respawned": {
        "type": "origins:and",
        "actions": [
            {
                "type": "origins:revoke_power",
                "power": "fix:shu/attribs",
                "source": "fix:shulk"
            },
            {
                "type": "origins:grant_power",
                "power": "fix:shu/attribs",
                "source": "fix:shulk"
            }
        ]
    }
}