{
    "name": "Aqua Affinity",
    "description": "You may break blocks underwater as others do on land.",
    "loading_priority": 3,
    "type": "origins:multiple",
    "underwater": {
        "condition": {
            "type": "origins:all_of",
            "conditions": [
                {
                    "type": "origins:submerged_in",
                    "fluid": "minecraft:water"
                },
                {
                    "type": "origins:enchantment",
                    "enchantment": "minecraft:aqua_affinity",
                    "comparison": "==",
                    "compare_to": 0
                }
            ]
        },
        "type": "origins:modify_break_speed",
        "modifier": {
            "amount": 4,
            "operation": "multiply_total_multiplicative"
        }
    },
    "ungrounded": {
        "condition": {
            "type": "origins:all_of",
            "conditions": [
                {
                    "type": "origins:fluid_height",
                    "fluid": "minecraft:water",
                    "comparison": ">",
                    "compare_to": 0
                },
                {
                    "type": "origins:on_block",
                    "inverted": true
                }
            ]
        },
        "type": "origins:modify_break_speed",
        "modifier": {
            "amount": 4,
            "operation": "multiply_total_multiplicative"
        }
    },
    "swimspeed": {
        "type": "origins:attribute",
        "modifier": {
            "id": "*:*",
            "attribute": "additionalentityattributes:generic.water_speed",
            "amount": 1.5,
            "operation": "add_multiplied_base"
        }
    }
}