{
    "name": "Fins",
    "description": "Your underwater speed is increased.",
    "loading_priority": 4,
    "type": "origins:action_on_callback",
    "execute_chosen_when_orb": true,
    "entity_action_respawned": {
        "type": "origins:and",
        "actions": [
            {
                "type": "origins:revoke_power",
                "power": "fix:mer/attribs",
                "source": "fix:merling"
            },
            {
                "type": "origins:grant_power",
                "power": "fix:mer/attribs",
                "source": "fix:merling"
            }
        ]
    }
}