{
    "name": "Aerial Combatant",
    "description": "You deal substantially more damage while in Elytra flight.",
    "loading_priority": 3,
    "type": "origins:multiple",
    "air": {
        "condition": {
            "type": "origins:fall_flying"
        },
        "type": "origins:modify_damage_dealt",
        "modifier": {
            "id": "*:*",
            "amount": 1,
            "operation": "multiply_base_multiplicative"
        }
    },
    "damage": {
	    "type": "origins:modify_damage_taken",
	    "modifier": {
		    "amount": 0.5,
		    "operation": "multiply_base_multiplicative"
	    },
	    "damage_condition": {
		    "type": "origins:in_tag",
		    "tag": "origins:kinetic"
	    }
    }
}
