{
    "name": "Brittle Bones",
    "description": "You take more damage from falling and flying into blocks.",
    "loading_priority": 6,
    "type": "origins:action_on_callback",
    "execute_chosen_when_orb": true,
    "entity_action_respawned": {
        "type": "origins:and",
        "actions": [
            {
                "type": "origins:revoke_power",
                "power": "fix:ely/attribs",
                "source": "fix:elytrian"
            },
            {
                "type": "origins:grant_power",
                "power": "fix:ely/attribs",
                "source": "fix:elytrian"
            }
        ]
    }
}