{
    "name": "Like Air",
    "description": "Modifiers to your walking speed also apply while you're airborne.",
    "loading_priority": 3,
    "type": "origins:multiple",
    "air": {
        "type": "origins:attribute_modify_transfer",
        "attribute": "minecraft:generic.movement_speed",
        "class": "modify_air_speed",
        "multiplier": 1
    },
    "fast": {
        "type": "origins:attribute",
        "modifier": {
            "id": "*:*",
            "attribute": "minecraft:generic.movement_speed",
            "amount": 0.2,
            "operation": "add_multiplied_base"
        }
    }
}