{
    "name": "Tailwind",
    "description": "You are a little bit quicker on foot than others.",
    "loading_priority": 4,
    "type": "origins:action_on_callback",
    "execute_chosen_when_orb": true,
    "entity_action_respawned": {
        "type": "origins:and",
        "actions": [
            {
                "type": "origins:revoke_power",
                "power": "fix:avi/attribs",
                "source": "fix:avian"
            },
            {
                "type": "origins:grant_power",
                "power": "fix:avi/attribs",
                "source": "fix:avian"
            }
        ]
    }
}