{
    "name": "Strong Ankles",
    "description": "You are able to jump higher by jumping while sprinting.",
    "loading_priority": 2,
    "type": "origins:multiple",
    "jump": {
        "condition": {
            "type": "origins:sprinting"
        },
        "type": "origins:modify_jump",
        "modifier": {
            "amount": 0.5,
            "operation": "multiply_base_multiplicative"
        }
    },
    "health": {
        "type": "origins:attribute",
        "modifier": {
            "id": "*:*",
            "attribute": "minecraft:generic.max_health",
            "amount": -2,
            "operation": "add_value"
        }
    },
    "weak": {
        "condition": {
            "inverted": true,
            "type": "origins:status_effect",
            "effect": "minecraft:strength"
        },
        "type": "origins:modify_break_speed",
        "modifier": {
            "amount": -1,
            "operation": "multiply_total_multiplicative"
        },
        "block_condition": {
            "type": "origins:all_of",
            "conditions": [
                {
                    "type": "origins:in_tag",
                    "tag": "origins:natural_stone"
                },
                {
                    "type": "origins:adjacent",
                    "adjacent_condition": {
                        "type": "origins:in_tag",
                        "tag": "origins:natural_stone"
                    },
                    "comparison": ">",
                    "compare_to": 2
                }
            ]
        }
    }
}