{
    "name": "Nine Lives",
    "description": "You have one less heart of health than humans.",
    "loading_priority": 4,
    "type": "origins:action_on_callback",
    "execute_chosen_when_orb": true,
    "entity_action_respawned": {
        "type": "origins:and",
        "actions": [
            {
                "type": "origins:revoke_power",
                "power": "fix:fel/attribs",
                "source": "fix:feline"
            },
            {
                "type": "origins:grant_power",
                "power": "fix:fel/attribs",
                "source": "fix:feline"
            }
        ]
    }
}